Time(s),Voltage(mV),Current(mA),solar,Temp(C)
4,17301.25,13.75,10,6.11
9,17298.75,12.5,10,5.53
14,17295.0,13.75,10,5.38
19,17290.0,12.5,10,5.82
25,17281.25,11.25,10,6.11
30,17270.0,5.0,10,6.4
35,17277.5,7.5,9,6.25
40,17297.5,11.25,5,5.96
45,17275.0,5.0,10,5.82
50,17087.5,0.0,10,5.82
56,17297.5,11.25,10,6.25
61,17290.0,11.25,10,6.11
66,17300.0,13.75,10,6.25
71,17300.0,13.75,10,6.4
76,17295.0,12.5,10,6.4
81,17298.75,11.25,10,5.96
87,17297.5,11.25,10,5.82
92,17293.75,11.25,10,5.96
97,17297.5,11.25,10,6.11
102,17301.25,12.5,10,6.11
107,17295.0,11.25,10,6.25
112,17287.5,8.75,10,5.82
117,17273.75,6.25,10,5.67
123,17301.25,11.25,10,5.24
128,17296.25,10.0,10,5.24
133,17295.0,10.0,10,5.24
138,17302.5,13.75,10,5.24
143,17306.25,13.75,10,5.53
149,17283.75,8.75,10,5.24
154,17281.25,7.5,10,5.1
159,17252.5,1.25,10,5.1
164,17258.75,1.25,9,5.53
169,17268.75,6.25,9,5.24
174,17260.0,3.75,9,5.24
179,17266.25,5.0,9,5.53
185,17261.25,3.75,9,5.96
190,17272.5,6.25,9,5.67
195,17276.25,7.5,9,5.38
200,17270.0,5.0,9,5.24
205,17270.0,3.75,9,5.67
210,17260.0,5.0,9,5.82
216,17248.75,2.5,9,5.96
221,17252.5,0.0,9,6.11
226,17256.25,1.25,9,6.25
231,17258.75,2.5,9,6.25
236,17257.5,1.25,9,6.25
241,17221.25,0.0,9,5.96
246,17268.75,6.25,9,6.25
252,16841.25,-1.25,9,6.11
257,17086.25,0.0,9,5.82
262,16835.0,0.0,6,5.82
267,17253.75,2.5,8,5.82
272,17273.75,6.25,0,5.82
278,17085.0,0.0,9,5.53
283,15452.5,0.0,9,5.53
288,15048.75,0.0,7,5.96
293,16565.0,0.0,7,6.25
298,16776.25,0.0,7,6.25
303,16215.0,1.25,8,6.25
308,17253.75,0.0,8,6.25
314,17273.75,6.25,9,5.96
319,16556.25,1.25,8,5.82
324,17041.25,0.0,9,5.82
329,17205.0,0.0,7,5.67
334,17245.0,1.25,8,5.96
340,16093.75,1.25,8,6.4
345,15411.25,0.0,8,6.4
350,15218.75,1.25,7,6.4
355,15257.5,0.0,8,6.55
360,15841.25,0.0,7,6.25
365,15733.75,2.5,1,6.11
370,15902.5,-1.25,0,6.25
376,16491.25,-1.25,9,5.96
381,16493.75,0.0,9,5.96
386,15715.0,0.0,9,5.67
391,15942.5,1.25,8,5.24
396,16025.0,0.0,8,5.24
401,17156.25,0.0,7,5.24
407,16118.75,1.25,9,5.1
412,15868.75,0.0,7,5.24
417,16270.0,0.0,7,5.38
422,16181.25,-1.25,7,5.53
427,16476.25,0.0,7,5.38
432,16445.0,-2.5,7,5.24
437,16397.5,0.0,7,5.24
443,16835.0,1.25,7,5.38
448,15805.0,-1.25,0,5.24
453,15951.25,-1.25,3,5.53
458,16148.75,0.0,2,5.53
463,15645.0,0.0,2,5.53
468,15905.0,1.25,1,5.53
474,15858.75,0.0,1,5.38
479,17078.75,0.0,7,5.53
484,16858.75,1.25,9,5.82
489,16892.5,-1.25,9,5.82
494,17268.75,6.25,9,5.67
499,17151.25,0.0,9,5.24
504,16905.0,0.0,8,5.1
510,16627.5,1.25,9,4.96
515,16478.75,1.25,8,5.1
520,16641.25,0.0,8,4.96
525,17272.5,8.75,8,5.1
530,17267.5,5.0,9,5.1
535,17261.25,5.0,9,4.96
540,17263.75,6.25,9,4.96
546,17265.0,6.25,9,4.96
551,17260.0,5.0,9,4.96
556,17271.25,8.75,9,4.96
561,17271.25,7.5,9,5.1
566,17245.0,2.5,9,5.24
572,17251.25,1.25,9,5.24
577,17248.75,1.25,9,5.24
582,17252.5,1.25,9,4.96
587,17261.25,5.0,9,4.96
592,17251.25,3.75,9,4.96
597,17252.5,3.75,9,4.96
602,16812.5,0.0,9,4.96
608,16768.75,0.0,9,5.24
613,16642.5,1.25,9,5.38
618,16908.75,0.0,8,5.53
623,17075.0,0.0,9,5.67
628,16790.0,0.0,9,5.67
634,17200.0,1.25,9,5.82
639,17232.5,0.0,9,5.67
644,17216.25,1.25,9,5.67
649,17228.75,-1.25,9,5.53
654,17226.25,1.25,9,5.38
659,17106.25,0.0,8,5.24
664,17030.0,0.0,8,5.38
670,17102.5,0.0,8,5.24
675,16811.25,0.0,9,5.24
680,17043.75,0.0,9,5.38
685,16886.25,0.0,9,5.38
690,17240.0,0.0,8,5.53
696,17201.25,0.0,8,5.38
701,15882.5,1.25,8,5.53
706,16303.75,1.25,8,5.53
711,17073.75,0.0,8,5.38
716,17228.75,0.0,8,5.53
721,17252.5,3.75,8,5.53
726,17245.0,2.5,9,5.38
732,17233.75,0.0,9,5.53
737,17203.75,1.25,9,5.38
742,17227.5,1.25,9,5.53
747,17231.25,2.5,9,5.82
752,17247.5,1.25,9,5.82
757,17233.75,2.5,8,5.96
763,17232.5,1.25,8,6.11
768,17240.0,2.5,9,5.96
773,17227.5,1.25,8,5.96
778,17133.75,-1.25,8,5.82
784,17135.0,0.0,8,5.82
789,17240.0,1.25,8,5.82
794,16917.5,-1.25,8,5.82
799,17252.5,3.75,8,5.82
804,17231.25,1.25,8,5.67
809,17246.25,2.5,8,5.67
815,17243.75,1.25,8,5.82
820,17248.75,1.25,8,5.67
825,17175.0,0.0,8,5.67
830,17161.25,1.25,8,5.82
835,17137.5,1.25,8,5.96
840,17238.75,0.0,8,5.96
845,17217.5,0.0,8,5.96
851,17208.75,0.0,8,5.96
856,17140.0,0.0,8,5.96
861,17238.75,1.25,8,5.96
866,17242.5,1.25,8,5.82
871,17245.0,0.0,8,5.82
876,17245.0,1.25,8,5.82
882,17237.5,2.5,8,5.82
887,17233.75,1.25,8,5.82
892,17232.5,1.25,8,5.82
897,17233.75,2.5,8,5.82
902,17230.0,0.0,8,5.96
907,17242.5,2.5,8,5.96
912,17233.75,1.25,8,5.82
918,17168.75,0.0,8,6.4
923,17230.0,1.25,8,6.7
928,17108.75,0.0,8,6.7
933,17032.5,0.0,8,6.85
938,17236.25,1.25,8,6.4
943,17235.0,2.5,8,6.11
949,17236.25,0.0,8,5.82
954,17228.75,1.25,8,6.25
960,17062.5,0.0,8,6.7
965,17125.0,-1.25,8,7.15
970,16986.25,0.0,8,7.45
975,17108.75,0.0,8,7.91
981,16632.5,1.25,8,7.6
986,16285.0,0.0,7,6.85
991,16615.0,0.0,6,6.55
996,16442.5,0.0,7,6.4
1001,16338.75,0.0,7,6.4
1006,15365.0,1.25,7,6.85
1012,14426.25,1.25,5,6.55
1017,15643.75,0.0,6,6.55
1022,15580.0,2.5,6,6.4
1027,16241.25,0.0,6,6.25
1032,16300.0,1.25,6,6.11
1037,16182.5,0.0,7,5.96
1043,15993.75,0.0,6,5.82
1048,15662.5,1.25,6,5.82
1053,15537.5,1.25,6,5.96
1058,15602.5,1.25,5,6.11
1063,15536.25,0.0,5,6.11
1068,15811.25,1.25,5,5.96
1073,15635.0,0.0,6,6.11
1079,14873.75,0.0,6,5.96
1084,15186.25,-1.25,5,5.96
1089,15135.0,0.0,5,5.96
1094,14942.5,1.25,5,5.67
1099,14316.25,0.0,5,5.53
1104,14853.75,-1.25,5,5.53
1110,14425.0,1.25,5,5.53
1115,14373.75,0.0,5,5.53
1120,14651.25,0.0,4,5.67
1125,14358.75,0.0,5,5.38
1130,14385.0,0.0,4,5.53
1135,14230.0,0.0,4,5.38
1141,14286.25,0.0,4,5.38
1146,14058.75,0.0,4,5.38
1151,13955.0,1.25,5,5.53
1156,14356.25,-1.25,4,5.53
1161,13680.0,0.0,4,5.67
1166,15135.0,0.0,5,5.67
1172,15307.5,0.0,5,5.67
1177,15132.5,0.0,5,5.82
1182,14992.5,1.25,5,5.67
1187,14182.5,1.25,5,5.67
1192,14596.25,0.0,4,5.82
1197,14661.25,1.25,5,5.82
1203,14848.75,2.5,5,5.82
1208,14711.25,1.25,5,5.82
1213,15002.5,0.0,5,5.82
1218,14583.75,-1.25,5,5.82
1223,14718.75,1.25,5,5.82
1228,14465.0,0.0,5,5.82
1234,14496.25,-1.25,5,5.82
1239,14311.25,1.25,4,5.82
1244,14438.75,0.0,4,5.82
1249,14440.0,0.0,4,5.82
1254,14963.75,1.25,4,5.82
1259,15170.0,0.0,5,5.82
1265,14588.75,1.25,5,5.82
1270,14583.75,0.0,4,5.67
1275,14583.75,0.0,4,5.67
1280,14561.25,0.0,4,5.67
1285,14653.75,-1.25,5,5.67
1290,14638.75,1.25,5,5.67
1296,14927.5,1.25,5,5.67
1301,14967.5,0.0,5,5.53
1306,14706.25,0.0,4,5.53
1311,14981.25,0.0,5,5.67
1316,15056.25,1.25,5,5.67
1321,14240.0,-1.25,5,5.67
1327,14675.0,2.5,5,5.67
1332,14877.5,1.25,5,5.53
1337,14922.5,0.0,5,5.67
1342,14842.5,0.0,5,5.38
1347,15483.75,-1.25,5,5.24
1353,15438.75,1.25,5,5.38
1358,16845.0,2.5,6,5.53
1363,16766.25,-1.25,7,5.38
1368,16358.75,-1.25,7,5.38
1373,16193.75,-1.25,6,5.53
1378,15987.5,1.25,6,5.53
1384,15798.75,-1.25,6,5.53
1389,14895.0,0.0,6,5.53
1394,15882.5,2.5,6,5.53
1399,15985.0,1.25,5,5.53
1404,15711.25,1.25,6,5.53
1409,16508.75,1.25,6,5.53
1415,16161.25,0.0,6,5.82
1420,16343.75,-1.25,6,5.82
1425,16107.5,0.0,6,5.82
1430,16481.25,0.0,7,5.82
1436,16528.75,0.0,7,5.67
1441,16360.0,0.0,7,5.53
1446,15576.25,0.0,6,5.53
1451,15475.0,1.25,5,5.82
1456,16315.0,0.0,5,5.96
1461,15972.5,0.0,6,6.11
1467,16056.25,0.0,6,6.55
1472,16001.25,0.0,6,6.55
1477,16532.5,0.0,6,6.4
1482,16096.25,0.0,5,6.25
1487,16210.0,0.0,6,5.96
1493,15022.5,1.25,7,5.96
1498,15291.25,-1.25,5,5.82
1503,16311.25,-1.25,5,5.82
1508,16497.5,1.25,7,5.67
1513,16565.0,-1.25,7,5.67
1518,16325.0,1.25,7,5.67
1524,16190.0,0.0,7,5.67
1529,16607.5,1.25,7,5.67
1534,16626.25,0.0,6,5.82
1539,16583.75,0.0,6,5.82
1544,16537.5,0.0,7,5.67
1550,16668.75,0.0,7,5.67
1555,16687.5,0.0,7,5.67
1560,16612.5,0.0,7,5.82
1565,16641.25,1.25,7,5.67
1570,16623.75,-1.25,7,5.82
1576,15907.5,1.25,6,5.67
1581,16392.5,0.0,6,5.67
1586,16207.5,-1.25,7,5.67
1591,15817.5,1.25,7,5.53
1596,16618.75,1.25,7,5.38
1601,16215.0,0.0,7,5.24
1607,16340.0,1.25,7,5.24
1612,16243.75,1.25,7,5.53
1617,16340.0,1.25,7,5.67
1622,16096.25,1.25,7,5.82
1628,15953.75,0.0,7,5.67
1633,16431.25,0.0,7,5.67
1638,16105.0,0.0,7,5.67
1643,16500.0,0.0,7,5.67
1648,16545.0,-1.25,7,5.53
1653,16570.0,1.25,7,5.53
1659,16511.25,0.0,7,5.67
1664,16401.25,0.0,7,5.53
1669,16590.0,1.25,7,5.67
1674,16178.75,0.0,7,5.67
1680,16492.5,-1.25,7,5.67
1685,16067.5,-1.25,1,5.67
1690,16200.0,1.25,1,5.82
1695,15831.25,0.0,1,5.96
1700,16046.25,1.25,1,6.25
1705,15838.75,0.0,2,6.11
1711,15801.25,0.0,0,6.11
1716,16256.25,0.0,7,5.82
1721,15643.75,1.25,6,5.67
1726,15540.0,1.25,6,5.67
1731,13611.25,1.25,3,5.67
1737,13735.0,0.0,4,5.67
1742,12925.0,1.25,3,5.67
1747,13412.5,0.0,4,5.67
1752,11961.25,0.0,4,5.67
1757,16033.75,0.0,3,5.67
1763,16367.5,0.0,6,5.67
1768,14900.0,0.0,6,5.67
1773,14241.25,-1.25,6,5.67
1778,14445.0,0.0,6,5.67
1783,14591.25,0.0,6,5.82
1789,14001.25,0.0,1,5.96
1794,14223.75,0.0,2,5.96
1799,13632.5,0.0,0,6.11
1804,13721.25,0.0,1,6.11
1809,15083.75,0.0,6,6.25
1815,15452.5,0.0,5,6.11
1820,16601.25,0.0,4,6.25
1825,16300.0,1.25,7,5.96
1830,14886.25,1.25,4,5.82
1835,14701.25,1.25,5,5.96
1841,16112.5,0.0,7,5.96
1846,14881.25,-1.25,7,5.96
1851,14762.5,0.0,5,5.96
1856,14487.5,1.25,5,5.67
1861,14513.75,0.0,5,5.82
1867,14502.5,0.0,6,5.82
1872,13081.25,1.25,6,5.96
1877,13715.0,1.25,3,5.96
1882,13838.75,0.0,5,6.11
1887,15470.0,0.0,2,6.11
1893,17250.0,1.25,8,6.25
1898,17260.0,5.0,9,6.11
1903,17243.75,2.5,9,6.11
1908,17241.25,0.0,7,6.11
1913,17232.5,1.25,8,6.11
1919,17253.75,2.5,9,5.96
1924,17256.25,2.5,8,5.96
1929,17260.0,3.75,9,5.82
1934,17262.5,5.0,9,5.96
1939,17260.0,3.75,9,5.96
1945,17256.25,3.75,9,5.82
1950,17231.25,3.75,9,5.96
1955,17250.0,2.5,9,5.96
1960,17263.75,5.0,9,5.96
1965,17265.0,5.0,9,5.96
1971,17258.75,5.0,9,6.11
1976,17263.75,3.75,9,6.25
1981,17265.0,6.25,9,6.25
1986,17265.0,6.25,9,6.25
1991,17266.25,6.25,9,6.25
1997,17267.5,6.25,9,5.96
2002,17266.25,5.0,9,5.96
2007,17252.5,5.0,9,5.96
2012,17251.25,6.25,9,6.11
2018,17266.25,5.0,9,6.11
2023,17262.5,6.25,9,6.25
2028,17268.75,6.25,9,6.11
2033,17267.5,6.25,9,6.25
2038,17267.5,6.25,9,6.25
2044,17268.75,6.25,9,6.25
2049,17267.5,7.5,9,6.11
2054,16220.0,0.0,9,6.25
2059,17152.5,0.0,9,6.25
2064,17258.75,3.75,9,6.25
2070,17265.0,6.25,9,6.85
2075,14502.5,0.0,9,7.0
2080,17257.5,3.75,1,6.7
2085,17265.0,6.25,73,6.4
2090,17243.75,6.25,74,6.4
2096,17233.75,7.5,64,6.4
2101,17252.5,3.75,74,6.4
2106,17267.5,6.25,76,6.4
2111,17267.5,6.25,71,6.7
2116,17268.75,7.5,73,6.55
2122,17266.25,6.25,74,6.55
2127,17257.5,5.0,70,6.55
2132,17261.25,5.0,70,7.0
2137,17258.75,3.75,71,6.85
2142,17257.5,3.75,70,7.0
2148,17258.75,5.0,69,7.3
2153,17257.5,5.0,72,7.45
2158,17255.0,2.5,68,7.6
2163,17257.5,5.0,70,7.6
2169,17255.0,1.25,68,7.76
2174,17257.5,3.75,69,7.76
2179,17245.0,2.5,70,7.91
2184,17262.5,6.25,71,7.6
2189,17261.25,5.0,73,7.3
2195,17260.0,5.0,71,7.3
2200,17255.0,3.75,74,7.45
2205,17251.25,2.5,71,7.6
2210,17237.5,1.25,63,7.6
2216,17245.0,0.0,65,7.6
2221,17226.25,0.0,68,7.6
2226,17241.25,1.25,66,7.45
2231,17253.75,3.75,68,7.6
2236,17242.5,0.0,68,7.45
2242,17260.0,6.25,69,7.3
2247,17252.5,2.5,69,7.45
2252,17245.0,1.25,70,7.45
2257,17185.0,0.0,67,7.45
2262,17255.0,2.5,66,7.3
2268,17146.25,2.5,68,7.3
2273,17017.5,0.0,69,7.3
2278,16882.5,1.25,50,7.6
2283,17170.0,0.0,60,7.76
2289,16295.0,0.0,65,7.45
2294,16862.5,-1.25,59,7.3
2299,17010.0,1.25,59,7.15
2304,16916.25,0.0,64,7.15
2309,16920.0,0.0,63,6.85
2315,17026.25,2.5,66,6.55
2320,17133.75,-1.25,67,6.4
2325,17232.5,0.0,67,6.11
2330,17226.25,1.25,69,5.82
2335,17073.75,0.0,67,5.82
2341,17245.0,0.0,70,5.82
2346,17243.75,1.25,71,5.82
2351,17240.0,0.0,69,5.82
2356,17238.75,2.5,70,5.67
2362,17250.0,2.5,70,5.67
2367,17251.25,2.5,72,5.67
2372,17247.5,2.5,72,5.67
2377,17245.0,2.5,71,5.82
2382,17251.25,2.5,71,5.67
2388,17255.0,2.5,73,5.67
2393,17251.25,2.5,74,5.67
2398,17256.25,2.5,74,5.67
2403,17262.5,5.0,73,5.67
2409,17262.5,5.0,74,5.82
2414,17253.75,3.75,75,5.82
2419,15557.5,-1.25,57,5.96
2424,14186.25,2.5,38,5.96
2430,14925.0,0.0,41,5.82
2435,14345.0,0.0,33,5.82
2440,15943.75,1.25,35,5.82
2445,16791.25,0.0,62,5.82
2450,17056.25,0.0,59,5.82
2456,17205.0,1.25,66,5.82
2461,17193.75,-2.5,67,5.82
2466,16930.0,0.0,67,5.82
2471,16982.5,1.25,57,5.82
2476,17055.0,0.0,66,5.67
2482,17075.0,0.0,68,5.67
2487,17158.75,1.25,67,5.67
2492,17131.25,0.0,68,5.67
2497,16990.0,0.0,68,5.82
2503,16977.5,1.25,66,5.67
2508,17072.5,0.0,67,5.82
2513,16917.5,2.5,65,5.67
2518,17062.5,1.25,65,5.67
2523,17126.25,0.0,69,5.67
2529,17083.75,1.25,65,5.67
2534,17103.75,0.0,68,5.67
2539,17077.5,0.0,68,5.67
2544,17175.0,-1.25,68,5.67
2550,17187.5,0.0,69,5.67
2555,16912.5,1.25,67,5.67
2560,16881.25,1.25,68,5.82
2565,16828.75,0.0,61,5.82
2571,16630.0,0.0,60,5.82
2576,16878.75,0.0,61,5.82
2581,16773.75,0.0,63,5.96
2586,16777.5,0.0,61,5.96
2591,15826.25,0.0,53,5.96
2597,16686.25,1.25,49,6.4
2602,17045.0,0.0,67,6.4
2607,17002.5,-1.25,66,6.25
2612,16983.75,-1.25,62,6.25
2618,17028.75,1.25,63,6.25
2623,16781.25,1.25,51,6.11
2628,15956.25,1.25,60,6.11
2633,17252.5,3.75,68,5.96
2639,17266.25,6.25,56,6.25
2644,17193.75,0.0,69,6.7
2649,17250.0,1.25,71,7.15
2654,17253.75,3.75,60,7.0
2659,17270.0,6.25,67,7.0
2665,17248.75,2.5,72,7.6
2670,17252.5,2.5,72,7.76
2675,17263.75,6.25,71,8.23
2680,17275.0,6.25,77,7.76
2686,17267.5,7.5,76,7.3
2691,17295.0,13.75,85,7.15
2696,17300.0,16.25,89,6.85
2701,17305.0,18.75,89,7.0
2707,17305.0,16.25,89,6.85
2712,17302.5,17.5,90,6.7
2717,17306.25,18.75,89,7.0
2722,17310.0,17.5,91,7.6
2727,17302.5,16.25,85,7.76
2733,17305.0,16.25,86,7.91
2738,17305.0,17.5,90,7.45
2743,17306.25,18.75,90,7.45
2748,17310.0,18.75,90,7.0
2754,17313.75,18.75,90,7.15
2759,17310.0,18.75,90,7.15
2764,17310.0,17.5,87,7.76
2769,17298.75,17.5,90,7.76
2775,17302.5,17.5,79,7.15
2780,17298.75,17.5,79,7.15
2785,17288.75,13.75,79,7.15
2790,17322.5,23.75,64,7.0
2795,17328.75,25.0,78,7.0
2801,17298.75,16.25,98,6.7
2806,17150.0,1.25,97,6.55
2811,17178.75,0.0,27,6.55
2817,15982.5,1.25,44,6.55
2822,15827.5,1.25,36,6.7
2827,14885.0,1.25,67,6.85
2832,15790.0,0.0,57,6.85
2837,17145.0,-1.25,70,7.0
2843,17278.75,8.75,76,7.15
2848,17255.0,2.5,62,7.15
2853,17248.75,1.25,72,6.85
2858,17276.25,8.75,75,6.85
2864,16970.0,0.0,80,7.0
2869,17277.5,10.0,81,7.15
2874,16481.25,0.0,68,7.15
2879,16312.5,1.25,55,7.15
2885,17257.5,3.75,72,7.15
2890,16906.25,0.0,67,7.15
2895,16967.5,-1.25,61,7.15
2900,17121.25,-1.25,54,7.3
2906,17227.5,1.25,61,7.3
2911,17122.5,-1.25,56,7.15
2916,17232.5,0.0,72,7.45
2921,17227.5,2.5,68,7.45
2927,17202.5,0.0,59,7.45
2932,16421.25,1.25,40,7.45
2937,15375.0,0.0,29,7.3
2942,15937.5,1.25,43,7.15
2947,15622.5,0.0,37,6.85
2953,17331.25,26.25,72,6.85
2958,17330.0,26.25,98,6.7
2963,17332.5,26.25,98,6.55
2969,17331.25,26.25,98,6.55
2974,17337.5,26.25,97,6.7
2979,17337.5,27.5,99,6.7
2984,17327.5,23.75,97,6.7
2989,17331.25,27.5,98,6.55
2995,17335.0,27.5,99,6.7
3000,17328.75,25.0,98,6.55
3005,17338.75,28.75,100,6.7
3010,17333.75,27.5,99,6.7
3016,17336.25,27.5,101,6.7
3021,17332.5,27.5,98,6.55
3026,17311.25,27.5,99,6.7
3031,17326.25,23.75,98,6.55
3037,17340.0,28.75,100,6.4
3042,17333.75,27.5,99,6.55
3047,17332.5,27.5,98,6.55
3052,17315.0,30.0,99,6.4
3058,17302.5,21.25,98,6.11
3063,17328.75,23.75,99,5.82
3068,17338.75,30.0,99,5.82
3073,17337.5,28.75,98,5.67
3079,17333.75,25.0,100,5.53
3084,17340.0,27.5,99,5.53
3089,17332.5,27.5,93,5.67
3094,17331.25,26.25,98,5.82
3100,17331.25,25.0,100,5.96
3105,17328.75,26.25,91,6.11
3110,17325.0,25.0,96,6.25
3115,17336.25,28.75,98,6.55
3121,17313.75,23.75,99,6.7
3126,17330.0,26.25,102,6.7
3131,17328.75,22.5,96,6.55
3136,17327.5,25.0,94,6.4
3142,17323.75,22.5,101,6.11
3147,17332.5,28.75,97,5.96
3152,17318.75,21.25,98,5.82
3157,17327.5,26.25,93,5.67
3163,17325.0,25.0,100,5.38
3168,17343.75,31.25,102,5.38
3173,17335.0,28.75,101,5.24
3178,17335.0,31.25,101,5.1
3184,17338.75,31.25,99,5.24
3189,17355.0,30.0,99,5.38
3194,17332.5,26.25,103,5.38
3199,17341.25,31.25,98,5.53
3205,17352.5,30.0,93,5.53
3210,17357.5,31.25,99,5.24
3215,17355.0,31.25,97,4.96
3220,17328.75,27.5,103,4.82
3226,17357.5,32.5,101,4.54
3231,17356.25,32.5,98,4.27
3236,17355.0,32.5,105,3.99
3241,17327.5,23.75,103,3.72
3247,17347.5,33.75,101,3.59
3252,17356.25,33.75,99,3.45
3257,17345.0,31.25,105,3.05
3262,17363.75,33.75,93,2.79
3268,17318.75,28.75,104,2.4
3273,17362.5,33.75,105,2.4
3278,17361.25,32.5,102,2.53
3283,17360.0,30.0,105,2.27
3289,17348.75,33.75,98,2.4
3294,17351.25,33.75,103,2.27
3299,17348.75,32.5,103,2.02
3304,17351.25,33.75,105,1.76
3310,17363.75,32.5,104,1.64
3315,17340.0,32.5,98,1.64
3320,17340.0,28.75,95,1.39
3325,17355.0,33.75,97,1.01
3331,17351.25,30.0,102,0.64
3336,17362.5,30.0,97,0.52
3341,17350.0,30.0,104,0.16
3346,17332.5,28.75,97,-0.2
3352,17356.25,35.0,102,-0.44
3357,17355.0,32.5,99,-0.67
3362,17353.75,35.0,103,-1.02
3368,17362.5,33.75,98,-1.37
3373,17352.5,31.25,98,-1.6
3378,17351.25,32.5,100,-2.16
3383,17350.0,28.75,98,-2.39
3389,17336.25,30.0,99,-2.72
3394,17357.5,31.25,101,-2.83
3399,17353.75,33.75,100,-3.27
3404,17331.25,32.5,99,-3.59
3410,17361.25,33.75,101,-3.7
3415,17361.25,35.0,101,-4.12
3420,17358.75,31.25,97,-4.33
3426,17353.75,36.25,95,-4.65
3431,17352.5,33.75,103,-4.96
3436,17362.5,40.0,97,-5.17
3441,17348.75,37.5,103,-5.68
3447,17353.75,38.75,106,-5.88
3452,17346.25,40.0,108,-6.18
3457,17347.5,40.0,105,-6.38
3462,17347.5,41.25,111,-6.68
3468,17361.25,35.0,113,-6.88
3473,17355.0,46.25,106,-7.27
3478,17351.25,46.25,117,-7.46
3483,17378.75,52.5,119,-7.85
3489,17356.25,51.25,119,-8.04
3494,17368.75,52.5,124,-8.04
3499,17381.25,55.0,123,-8.04
3504,17402.5,57.5,126,-8.13
3510,17381.25,57.5,130,-7.94
3515,17435.0,62.5,134,-7.85
3520,17421.25,60.0,136,-7.65
3525,17445.0,63.75,131,-7.56
3531,17478.75,65.0,142,-7.65
3536,17432.5,61.25,141,-7.36
3541,17578.75,70.0,143,-7.27
3546,17640.0,71.25,154,-7.46
3552,17702.5,77.5,155,-7.56
3557,17878.75,82.5,158,-7.75
3562,17927.5,80.0,166,-7.75
3568,17876.25,80.0,166,-7.94
3573,18075.0,83.75,173,-8.32
3578,18286.25,95.0,178,-8.51
3583,18241.25,85.0,184,-8.61
3589,18560.0,96.25,190,-8.79
3594,18517.5,95.0,193,-8.61
3599,18755.0,90.0,200,-8.61
3604,18590.0,86.25,198,-8.79
3610,18815.0,96.25,197,-8.7
3615,18981.25,108.75,213,-8.79
3620,18816.25,95.0,218,-8.89
3626,19218.75,102.5,218,-8.98
3631,19300.0,105.0,217,-8.89
3636,19217.5,91.25,229,-9.26
3641,19373.75,93.75,231,-9.26
3647,19485.0,107.5,242,-9.26
3652,19347.5,103.75,242,-9.26
3657,19051.25,103.75,223,-9.26
3662,19596.25,97.5,232,-9.26
3668,19675.0,106.25,248,-9.35
3673,19440.0,125.0,255,-9.44
3678,19513.75,101.25,247,-9.72
3683,19726.25,117.5,260,-9.81
3689,19378.75,101.25,265,-9.9
3694,19695.0,121.25,277,-10.08
3699,19527.5,128.75,273,-10.26
3705,19781.25,102.5,261,-10.35
3710,19787.5,108.75,273,-10.62
3715,19858.75,121.25,263,-10.8
3720,19707.5,120.0,285,-10.89
3726,19847.5,121.25,283,-11.07
3731,19790.0,110.0,281,-11.34
3736,19786.25,97.5,292,-11.51
3741,19975.0,112.5,290,-11.69
3747,19730.0,108.75,295,-12.04
3752,19886.25,112.5,292,-12.21
3757,19782.5,132.5,280,-12.21
3763,19755.0,113.75,296,-12.47
3768,19850.0,113.75,297,-12.9
3773,19863.75,133.75,289,-12.81
3778,19872.5,117.5,304,-12.9
3784,19801.25,122.5,309,-12.98
3789,19925.0,115.0,311,-13.41
3794,19856.25,112.5,301,-13.58
3799,19941.25,112.5,298,-13.58
3805,20028.75,130.0,317,-13.74
3810,20138.75,137.5,293,-13.91
3815,19953.75,132.5,335,-14.08
3821,20066.25,128.75,318,-14.33
3826,19993.75,122.5,321,-14.25
3831,20045.0,141.25,305,-14.58
3836,20161.25,137.5,317,-14.74
3842,20068.75,130.0,303,-15.15
3847,20027.5,130.0,328,-15.8
3852,20081.25,102.5,310,-15.96
3858,20218.75,111.25,316,-16.04
3863,19962.5,110.0,324,-16.2
3868,20086.25,127.5,326,-16.44
3873,20116.25,117.5,341,-16.44
3879,20078.75,171.25,282,-16.6
3884,20046.25,111.25,322,-17.0
3889,20068.75,113.75,324,-17.08
3895,20081.25,130.0,311,-17.24
3900,20695.0,167.5,376,-17.87
3905,20010.0,126.25,340,-18.41
3910,20767.5,181.25,395,-18.1
3916,20172.5,147.5,437,-18.1
3921,19865.0,127.5,505,-18.64
3926,20113.75,120.0,429,-18.8
3931,21246.25,276.25,468,-19.03
3937,20252.5,268.75,289,-19.26
3942,20172.5,148.75,478,-19.41
3947,20360.0,270.0,322,-20.1
3953,19856.25,115.0,349,-20.25
3958,20752.5,166.25,435,-20.55
3963,20806.25,268.75,382,-20.78
3968,21125.0,276.25,298,-20.55
3974,20208.75,135.0,478,-21.23
3979,20018.75,128.75,430,-21.38
3984,18831.25,182.5,359,-21.45
3990,20156.25,121.25,429,-21.45
3995,20558.75,188.75,511,-22.2
4000,21466.25,255.0,411,-22.49
4005,19865.0,126.25,324,-22.64
4011,19918.75,126.25,503,-22.79
4016,20067.5,276.25,281,-22.86
4021,20190.0,143.75,425,-23.01
4027,20123.75,100.0,420,-23.01
4032,20020.0,96.25,669,-23.3
4037,20017.5,186.25,576,-23.16
4042,19596.25,118.75,430,-23.45
4048,20191.25,126.25,513,-23.6
4053,19736.25,283.75,329,-23.89
4058,20003.75,253.75,424,-23.96
4064,20465.0,220.0,408,-24.55
4069,21440.0,257.5,404,-24.77
4074,20766.25,196.25,588,-25.06
4079,21645.0,256.25,343,-25.49
4085,21567.5,245.0,393,-26.0
4090,21613.75,255.0,423,-26.14
4095,21721.25,257.5,286,-26.0
4101,20356.25,123.75,539,-26.07
4106,20223.75,245.0,466,-25.93
4111,21847.5,252.5,312,-26.22
4116,20287.5,131.25,607,-26.51
4122,20485.0,273.75,446,-26.43
4127,20908.75,256.25,209,-26.72
4132,19867.5,96.25,559,-26.65
4138,21276.25,257.5,641,-27.88
4143,22252.5,250.0,342,-28.24
4148,20468.75,146.25,365,-27.59
4153,20402.5,145.0,542,-28.16
4159,19023.75,81.25,409,-28.24
4164,20385.0,113.75,912,-28.96
4169,21626.25,255.0,432,-29.82
4175,20567.5,136.25,550,-29.89
4180,19481.25,255.0,350,-30.11
4185,20625.0,115.0,610,-30.47
4190,22370.0,250.0,335,-30.11
4196,20525.0,257.5,197,-30.76
4201,21607.5,286.25,254,-30.76
4206,19993.75,92.5,567,-31.34
4212,21506.25,255.0,703,-32.06
4217,21626.25,256.25,491,-31.84
4222,20422.5,108.75,591,-31.84
4227,21466.25,161.25,507,-32.21
4233,21757.5,247.5,663,-32.42
4238,21638.75,255.0,322,-33.74
4243,19157.5,76.25,640,-33.45
4249,22108.75,250.0,665,-34.18
4254,21003.75,271.25,610,-33.59
4259,22790.0,245.0,534,-33.74
4265,18912.5,78.75,447,-34.18
4270,21828.75,252.5,771,-34.18
4275,21611.25,257.5,342,-34.7
4280,21865.0,251.25,573,-35.44
4286,21566.25,251.25,295,-35.59
4291,20603.75,117.5,594,-35.44
4296,18251.25,66.25,1029,-35.97
4302,22471.25,245.0,774,-36.8
4307,22538.75,245.0,479,-37.25
4312,20560.0,113.75,146,-36.65
4318,21996.25,250.0,742,-36.87
4323,21383.75,265.0,338,-37.25
4328,22653.75,243.75,536,-37.48
4333,20540.0,87.5,569,-37.79
4339,22601.25,243.75,546,-37.33
4344,20180.0,103.75,450,-37.41
4349,20685.0,113.75,909,-38.8
4355,20367.5,88.75,615,-38.72
4360,21042.5,267.5,778,-39.5
4365,22122.5,236.25,342,-39.42
4371,23086.25,240.0,647,-39.98
4376,22401.25,243.75,155,-40.62
4381,20510.0,110.0,161,-41.35
4386,22528.75,242.5,680,-40.38
4392,22536.25,243.75,322,-40.7
4397,21151.25,256.25,453,-41.51
4403,20896.25,115.0,440,-42.01
4408,20838.75,82.5,767,-41.76
4413,23592.5,232.5,317,-42.26
4418,22023.75,251.25,489,-43.35
4424,23393.75,236.25,401,-42.93
4429,20201.25,72.5,437,-43.35
4434,22910.0,237.5,639,-44.3
4440,21962.5,262.5,352,-43.87
4445,20573.75,92.5,554,-44.13
4450,21175.0,131.25,227,-44.39
4455,22200.0,242.5,617,-45.19
4461,22625.0,240.0,200,-45.01
4466,22166.25,241.25,748,-44.74
4471,21721.25,128.75,203,-45.64
4477,22190.0,241.25,440,-45.55
4482,23662.5,231.25,325,-46.65
4487,21396.25,105.0,533,-46.83
4493,23520.0,230.0,600,-47.4
4498,21712.5,261.25,216,-47.59
4503,22962.5,236.25,254,-48.07
4508,18512.5,58.75,786,-48.85
4514,23593.75,231.25,313,-48.07
4519,19996.25,71.25,263,-47.21
4524,23087.5,233.75,441,-47.78
4530,22737.5,237.5,571,-47.97
4535,23080.0,237.5,468,-47.97
4540,20421.25,112.5,659,-49.97
4545,21038.75,105.0,507,-49.66
4551,22230.0,161.25,447,-49.66
4556,21137.5,105.0,808,-49.76
4561,23785.0,226.25,173,-49.25
4567,20206.25,63.75,632,-50.28
4572,24123.75,223.75,702,-50.07
4577,19976.25,78.75,152,-51.23
4583,21541.25,260.0,812,-51.55
4588,23333.75,231.25,284,-52.21
4593,22592.5,243.75,484,-51.44
4599,23511.25,228.75,377,-53.35
4605,22341.25,241.25,465,-54.18
4610,22738.75,237.5,484,-54.18
4615,20578.75,98.75,685,-55.03
4621,23727.5,225.0,551,-54.42
4626,21330.0,122.5,250,-54.91
4631,23948.75,226.25,1196,-56.3
4637,21187.5,135.0,149,-54.66
4642,21643.75,107.5,613,-54.66
4647,21155.0,163.75,325,-55.78
4652,22303.75,138.75,420,-56.43
4658,23355.0,226.25,346,-56.04
4663,21407.5,107.5,271,-55.91
4668,20670.0,87.5,390,-56.43
4674,20926.25,271.25,623,-56.83
4679,23142.5,228.75,808,-56.96
4684,22852.5,233.75,224,-58.21
4690,18363.75,55.0,602,-56.56
4695,23331.25,226.25,573,-57.23
4700,24387.5,220.0,633,-57.78
4705,17523.75,55.0,192,-58.49
4711,22610.0,235.0,791,-58.93
4716,21910.0,127.5,696,-57.65
4721,21673.75,112.5,453,-57.23
4727,23308.75,227.5,228,-56.43
4732,21326.25,92.5,113,-57.92
4737,24371.25,216.25,471,-57.65
4743,17361.25,46.25,408,-58.21
4748,21370.0,105.0,274,-57.51
4753,21126.25,71.25,273,-58.06
4759,24395.0,217.5,776,-58.64
4764,21170.0,72.5,158,-58.78
4769,23861.25,220.0,165,-58.06
4774,23392.5,223.75,651,-58.93
4780,23117.5,226.25,150,-59.82
4785,20532.5,137.5,546,-60.44
4790,23775.0,223.75,333,-58.64
4796,22490.0,237.5,235,-58.06
4801,21387.5,82.5,753,-58.64
4806,23572.5,220.0,204,-58.93
4812,19208.75,67.5,573,-58.49
4817,21203.75,283.75,693,-59.98
4822,21761.25,245.0,354,-57.92
4827,17672.5,58.75,622,-59.82
4833,23496.25,220.0,630,-58.49
4838,21411.25,160.0,728,-58.78
4844,24091.25,213.75,800,-59.07
4849,23265.0,192.5,382,-59.22
4854,20927.5,178.75,493,-58.49
4859,23903.75,217.5,283,-58.49
4865,24452.5,210.0,172,-59.37
4870,23533.75,218.75,617,-59.98
4875,23935.0,211.25,362,-58.35
4881,22773.75,138.75,266,-57.78
4886,21435.0,93.75,603,-58.35
4891,24350.0,208.75,777,-59.98
4897,19756.25,71.25,686,-58.93
4902,21525.0,92.5,521,-58.35
4907,23577.5,221.25,398,-58.35
4913,23086.25,226.25,75,-58.78
4918,23506.25,213.75,840,-58.49
4923,23821.25,211.25,591,-57.65
4929,20908.75,75.0,439,-58.49
4934,22355.0,236.25,565,-58.78
4939,24213.75,207.5,528,-58.64
4945,17376.25,48.75,412,-57.1
4950,20840.0,78.75,732,-56.7
4955,24548.75,205.0,702,-58.06
4961,21462.5,93.75,277,-57.37
4966,23257.5,218.75,713,-56.43
4971,22756.25,212.5,275,-56.7
4977,23946.25,207.5,591,-55.53
4982,24101.25,206.25,252,-55.78
4987,19365.0,68.75,282,-55.91
4993,21222.5,141.25,822,-56.17
4998,24700.0,202.5,332,-56.43
5003,20896.25,82.5,404,-56.17
5009,21601.25,93.75,895,-56.17
5014,24458.75,201.25,313,-56.04
5019,20787.5,85.0,142,-56.56
5024,17368.75,41.25,646,-54.78
5030,24700.0,201.25,778,-54.78
5036,18331.25,58.75,700,-55.03
5041,21162.5,93.75,488,-53.35
5047,23513.75,206.25,835,-53.7
5052,21485.0,231.25,548,-53.23
5057,23802.5,203.75,628,-53.58
5063,23572.5,207.5,249,-52.66
5068,23491.25,211.25,532,-54.42
5073,17392.5,45.0,414,-54.06
5079,24076.25,206.25,898,-53.7
5084,23806.25,202.5,234,-53.94
5089,17388.75,47.5,515,-53.35
5095,23538.75,206.25,631,-53.47
5100,24357.5,198.75,530,-53.35
5105,23338.75,207.5,520,-54.18
5111,21843.75,225.0,550,-53.82
5116,23223.75,211.25,748,-54.78
5121,21290.0,110.0,199,-55.4
5127,23241.25,207.5,833,-55.78
5132,24200.0,200.0,419,-55.66
5137,20320.0,91.25,389,-55.15
5143,23670.0,200.0,689,-54.91
5148,23705.0,198.75,319,-54.3
5153,19836.25,65.0,160,-54.66
5159,24336.25,193.75,866,-54.78
5164,22782.5,213.75,384,-54.42
5169,22798.75,217.5,453,-54.42
5175,23922.5,195.0,559,-53.35
5180,23176.25,203.75,552,-53.58
5185,23488.75,201.25,130,-53.12
5191,19432.5,67.5,499,-54.54
5196,17418.75,52.5,741,-54.66
5202,23367.5,207.5,769,-55.66
5207,24313.75,192.5,349,-54.3
5212,20921.25,131.25,376,-54.91
5218,18755.0,63.75,770,-55.4
5223,23791.25,195.0,584,-56.17
5229,23835.0,193.75,172,-53.94
5234,23001.25,200.0,309,-53.47
5240,24111.25,192.5,898,-53.35
5245,24027.5,192.5,107,-54.78
5250,21413.75,223.75,288,-54.54
5256,23785.0,191.25,718,-53.82
5261,23865.0,191.25,602,-53.58
5266,20400.0,65.0,514,-54.18
5272,20070.0,60.0,855,-54.91
5277,18270.0,58.75,1215,-54.78
5282,23033.75,203.75,972,-54.06
5288,23463.75,198.75,523,-53.94
5293,20917.5,88.75,322,-53.7
5299,20602.5,91.25,830,-53.7
5304,17798.75,55.0,427,-52.89
5310,23617.5,202.5,1102,-53.23
5315,24578.75,186.25,547,-53.58
5320,23368.75,192.5,121,-53.23
5325,17723.75,57.5,284,-53.23
5331,21563.75,95.0,1063,-54.18
5337,21717.5,151.25,327,-54.54
5342,24535.0,185.0,122,-54.78
5347,20836.25,117.5,174,-53.47
5353,20051.25,75.0,733,-54.66
5359,18230.0,58.75,373,-53.94
5365,24031.25,186.25,418,-53.82
5370,17391.25,45.0,365,-54.3
5376,18047.5,57.5,422,-54.42
5381,19407.5,68.75,740,-53.23
5386,19393.75,67.5,973,-53.94
5392,20748.75,81.25,322,-53.58
5397,20510.0,68.75,1219,-53.0
5403,24336.25,182.5,493,-53.0
5408,24663.75,181.25,132,-53.35
5414,17376.25,38.75,183,-53.23
5419,19263.75,65.0,933,-51.88
5424,20627.5,78.75,712,-51.44
5430,19923.75,127.5,702,-51.99
5435,20577.5,78.75,365,-53.23
5441,20940.0,87.5,384,-53.0
5446,20207.5,121.25,268,-53.58
5452,21611.25,98.75,345,-53.0
5457,20733.75,92.5,650,-52.89
5463,19512.5,60.0,1281,-52.78
5468,19928.75,75.0,351,-52.78
5474,19520.0,67.5,1286,-53.7
5480,22337.5,123.75,1039,-52.89
5485,20732.5,71.25,617,-52.55
5490,22296.25,133.75,453,-52.21
5496,19737.5,145.0,145,-53.35
5501,18580.0,61.25,444,-52.66
5507,17636.25,55.0,1109,-51.12
5512,23178.75,193.75,938,-50.91
5518,20442.5,175.0,898,-51.55
5523,22370.0,156.25,985,-51.77
5528,22616.25,200.0,846,-52.66
5534,18843.75,66.25,363,-52.66
5539,20492.5,77.5,328,-50.59
5545,21088.75,105.0,562,-50.91
5550,20728.75,78.75,1029,-49.76
5555,20607.5,87.5,363,-50.28
5561,20641.25,82.5,466,-50.17
5566,18242.5,60.0,1161,-49.15
5572,17447.5,48.75,809,-48.36
5577,19092.5,63.75,844,-49.35
5583,23363.75,177.5,396,-48.56
5588,22710.0,185.0,278,-47.11
5594,18692.5,61.25,787,-47.49
5599,17391.25,46.25,364,-47.21
5605,20628.75,91.25,127,-45.73
5610,23718.75,175.0,110,-46.0
5615,23878.75,172.5,133,-46.93
5621,20545.0,96.25,106,-46.74
5626,22478.75,187.5,136,-47.02
5632,23751.25,172.5,116,-46.28
5637,24013.75,171.25,136,-46.74
5642,18620.0,65.0,216,-46.93
5648,19176.25,56.25,629,-46.37
5653,20602.5,98.75,1003,-45.91
5658,19221.25,66.25,464,-45.73
5664,18132.5,60.0,770,-46.93
5669,20175.0,72.5,493,-47.88
5674,20138.75,71.25,1298,-47.88
5680,20345.0,75.0,530,-47.49
5685,23981.25,167.5,807,-48.46
5691,24373.75,162.5,183,-49.46
5697,20372.5,78.75,204,-50.59
5702,20145.0,80.0,984,-50.91
5707,20471.25,93.75,499,-49.56
5713,20780.0,193.75,742,-50.07
5718,22373.75,180.0,344,-51.44
5723,24053.75,158.75,379,-51.44
5729,24285.0,156.25,153,-50.28
5734,24032.5,153.75,245,-51.01
5739,24291.25,161.25,162,-49.76
5745,22033.75,165.0,120,-49.66
5750,23931.25,165.0,594,-49.46
5756,18426.25,56.25,277,-48.36
5761,18290.0,60.0,547,-48.85
5766,20253.75,85.0,1276,-49.66
5772,20265.0,77.5,969,-48.66
5777,19837.5,73.75,871,-48.66
5783,19257.5,70.0,1022,-49.05
5788,17400.0,46.25,315,-49.35
5794,18985.0,66.25,531,-48.56
5800,18766.25,63.75,965,-48.75
5805,23547.5,161.25,481,-49.35
5811,20348.75,83.75,434,-49.56
5816,20572.5,83.75,670,-49.86
5821,19705.0,66.25,649,-49.56
5827,19541.25,75.0,771,-49.25
5832,19268.75,71.25,982,-50.07
5837,18366.25,63.75,1001,-50.07
5843,21382.5,178.75,422,-47.88
5848,23798.75,157.5,111,-47.78
5853,21641.25,180.0,146,-47.11
5859,24237.5,150.0,222,-47.02
5864,22427.5,175.0,153,-47.21
5869,24183.75,148.75,102,-47.68
5875,22721.25,168.75,521,-47.49
5880,21573.75,196.25,807,-47.4
5886,17381.25,41.25,735,-45.73
5891,20203.75,86.25,378,-44.74
5896,19046.25,70.0,1065,-46.46
5902,17731.25,56.25,471,-45.64
5907,19200.0,66.25,1013,-45.19
5912,20433.75,83.75,1119,-45.91
5918,20266.25,90.0,672,-46.0
5923,18212.5,55.0,642,-46.83
5928,23286.25,162.5,171,-47.3
5934,23243.75,157.5,479,-48.17
5939,23296.25,161.25,131,-48.26
5944,18213.75,60.0,594,-46.37
5950,20376.25,83.75,714,-44.83
5955,19792.5,67.5,446,-44.74
5961,20078.75,95.0,1122,-45.1
5966,19043.75,68.75,882,-44.48
5971,21957.5,160.0,176,-43.78
5977,22771.25,165.0,127,-45.1
5982,23935.0,147.5,168,-45.55
5988,19860.0,102.5,173,-45.1
5993,22855.0,161.25,116,-44.74
5999,19390.0,77.5,131,-45.01
6004,24085.0,153.75,187,-45.01
6009,23423.75,151.25,173,-44.48
6015,20133.75,90.0,261,-44.92
6020,24183.75,156.25,102,-45.19
6025,23915.0,155.0,787,-48.56
6031,17385.0,30.0,1353,-49.56
6036,16876.25,0.0,58,-50.91
6041,17315.0,8.75,59,-51.66
6047,22035.0,196.25,57,-52.1
6052,17323.75,8.75,73,-53.12
6058,23193.75,151.25,825,-52.21
6063,21642.5,166.25,326,-52.32
6068,23515.0,155.0,83,-53.0
6074,17465.0,52.5,89,-54.3
6079,23521.25,173.75,1080,-54.42
6084,18010.0,57.5,101,-54.42
6090,23496.25,160.0,206,-54.66
6095,17380.0,40.0,763,-54.78
6101,23253.75,152.5,496,-55.03
6106,20465.0,75.0,442,-54.66
6111,22102.5,167.5,820,-54.42
6117,23173.75,152.5,913,-54.06
6122,20368.75,65.0,77,-53.94
6128,21716.25,85.0,292,-52.66
6133,22181.25,142.5,545,-52.21
6138,23118.75,165.0,306,-51.23
6144,22150.0,158.75,314,-50.07
6149,21118.75,167.5,1093,-49.76
6154,21691.25,95.0,328,-48.95
6160,22573.75,160.0,83,-49.25
6165,20656.25,185.0,497,-50.59
6171,22513.75,157.5,1261,-51.23
6176,23122.5,152.5,1172,-51.88
6181,22252.5,171.25,81,-51.99
6187,22050.0,136.25,745,-53.7
6194,22593.75,161.25,981,-54.66
6199,22447.5,155.0,1070,-53.82
6204,23176.25,148.75,878,-53.82
6210,21197.5,93.75,436,-53.82
6215,19227.5,60.0,330,-54.42
6221,21308.75,185.0,561,-54.66
6226,20413.75,71.25,37,-55.03
6231,22501.25,160.0,76,-54.91
6237,23146.25,140.0,262,-55.15
6242,20481.25,91.25,1056,-55.4
6247,20510.0,86.25,455,-55.03
6253,22192.5,166.25,250,-55.28
6258,22056.25,167.5,903,-54.91
6264,20170.0,82.5,537,-55.53
6269,23242.5,148.75,1089,-55.4
6275,21511.25,155.0,1171,-55.91
6280,22541.25,157.5,615,-55.53
6285,20760.0,90.0,114,-56.17
6291,22942.5,156.25,965,-56.56
6296,20897.5,128.75,1168,-57.51
6302,21800.0,161.25,471,-56.96
6307,20680.0,68.75,1121,-56.7
6313,20586.25,106.25,1193,-56.7
6318,23166.25,150.0,966,-57.37
6323,23502.5,147.5,262,-57.51
6329,23216.25,150.0,102,-58.06
6334,23048.75,163.75,57,-58.78
6339,20302.5,85.0,196,-58.78
6345,23397.5,145.0,1431,-59.22
6350,22853.75,151.25,248,-58.93
6356,22756.25,161.25,96,-58.49
6361,23105.0,153.75,624,-58.78
6367,22283.75,155.0,67,-59.07
6372,20798.75,77.5,1023,-58.64
6378,23637.5,142.5,1318,-57.51
6383,20818.75,90.0,53,-57.51
6388,21701.25,157.5,544,-56.7
6394,23380.0,146.25,1216,-56.7
6399,20855.0,93.75,244,-56.7
6405,21850.0,153.75,124,-56.17
6410,23556.25,151.25,1140,-55.78
6415,23495.0,143.75,62,-55.78
6421,18883.75,97.5,288,-56.56
6426,19440.0,65.0,38,-56.43
6431,21908.75,156.25,77,-57.51
6437,22618.75,162.5,42,-57.51
6442,23462.5,148.75,1078,-57.65
6448,22618.75,153.75,82,-57.78
6453,23132.5,143.75,1027,-58.64
6459,20908.75,76.25,49,-59.07
6464,23551.25,151.25,969,-59.98
6469,23076.25,146.25,69,-59.82
6475,21186.25,97.5,628,-59.82
6480,20993.75,77.5,1061,-60.76
6485,23448.75,150.0,105,-60.76
6491,20746.25,83.75,72,-60.44
6496,23758.75,138.75,1117,-60.76
6502,22548.75,151.25,40,-60.92
6507,23481.25,152.5,1253,-61.74
6512,23258.75,143.75,432,-62.25
6518,23396.25,147.5,686,-61.41
6523,23837.5,138.75,724,-61.74
6528,20747.5,68.75,81,-62.42
6534,21127.5,111.25,162,-61.57
6539,23630.0,140.0,898,-60.92
6545,23877.5,133.75,725,-61.41
6550,22390.0,136.25,77,-61.91
6555,21160.0,75.0,76,-60.92
6561,23512.5,156.25,1087,-61.24
6566,23135.0,152.5,121,-60.44
6572,23457.5,140.0,896,-60.29
6577,20766.25,80.0,826,-60.13
6582,21847.5,153.75,364,-59.98
6588,23676.25,147.5,898,-59.67
6593,23747.5,142.5,138,-59.82
6599,20915.0,76.25,51,-59.82
6604,23885.0,140.0,581,-59.52
6610,21246.25,77.5,229,-59.22
6615,23426.25,137.5,1170,-58.93
6620,23885.0,145.0,870,-58.64
6922,17920.0,75.0,81,-33.23
6927,22420.0,140.0,128,-32.79
6933,20130.0,67.5,217,-32.42
6938,20560.0,168.75,192,-31.84
6944,22855.0,140.0,693,-31.34
6949,20557.5,90.0,85,-31.12
6955,21872.5,158.75,392,-30.4
6960,22000.0,146.25,896,-30.11
6965,21621.25,145.0,912,-29.75
6971,22756.25,138.75,448,-29.17
6976,22258.75,146.25,604,-28.81
6982,22088.75,142.5,846,-28.52
6987,22538.75,140.0,255,-27.88
6993,20177.5,76.25,459,-27.44
6998,22192.5,146.25,220,-27.01
7004,19925.0,101.25,82,-26.72
7009,19902.5,81.25,98,-26.22
7014,18552.5,78.75,124,-25.71
7020,22098.75,145.0,148,-25.28
7025,19971.25,68.75,739,-25.28
7031,21227.5,148.75,562,-24.77
7036,21820.0,142.5,978,-24.4
7041,20806.25,145.0,677,-23.89
7047,22211.25,141.25,187,-23.74
7052,22558.75,141.25,254,-23.6
7058,22135.0,143.75,370,-22.94
7063,21895.0,146.25,134,-22.86
7068,21902.5,151.25,552,-22.49
7074,21656.25,151.25,317,-22.12
7079,21152.5,152.5,123,-21.75
7085,21738.75,143.75,1030,-21.53
7090,21528.75,143.75,911,-21.08
7096,21886.25,148.75,1173,-21.15
7101,21742.5,145.0,871,-21.15
7106,20830.0,151.25,570,-21.0
7112,21896.25,142.5,845,-20.85
7117,21623.75,153.75,790,-20.63
7123,21287.5,145.0,520,-20.33
7128,21850.0,143.75,318,-19.95
7133,21976.25,142.5,507,-19.72
7139,21290.0,150.0,821,-19.26
7144,20143.75,156.25,734,-19.11
7150,20462.5,126.25,520,-18.8
7155,21327.5,152.5,177,-18.64
7161,21218.75,157.5,594,-18.18
7166,21451.25,155.0,820,-17.79
7172,20813.75,150.0,1017,-17.55
7177,21442.5,147.5,1124,-17.16
7182,21400.0,148.75,1116,-16.76
7188,20856.25,145.0,935,-16.28
7193,20195.0,170.0,939,-16.04
7199,20682.5,153.75,705,-15.64
7204,21037.5,161.25,975,-15.32
7209,21337.5,153.75,163,-15.07
7215,21615.0,151.25,809,-14.66
7220,20152.5,90.0,509,-14.33
7226,21681.25,147.5,202,-14.25
7231,20793.75,153.75,373,-14.0
7237,19786.25,95.0,399,-13.58
7242,21722.5,152.5,193,-13.41
7247,21045.0,150.0,281,-13.15
7253,19451.25,108.75,252,-12.81
7258,20367.5,152.5,666,-12.47
7264,21166.25,157.5,562,-12.21
7269,20868.75,181.25,370,-12.04
7274,19350.0,87.5,574,-11.86
7280,18390.0,103.75,381,-11.51
7285,20568.75,160.0,221,-11.34
7291,20658.75,162.5,411,-11.07
7296,20635.0,126.25,253,-10.8
7302,17576.25,168.75,271,-10.8
7307,20253.75,108.75,361,-10.45
7313,19742.5,91.25,347,-10.54
7318,19507.5,75.0,346,-10.35
7323,19356.25,88.75,359,-10.35
7329,19291.25,73.75,340,-10.26
7335,19200.0,71.25,278,-10.08
7341,19160.0,71.25,274,-9.99
7346,19032.5,73.75,268,-9.81
7352,18798.75,68.75,268,-9.72
7357,18888.75,62.5,265,-9.72
7363,18686.25,68.75,237,-9.54
7368,18757.5,70.0,234,-9.54
7373,18548.75,68.75,230,-9.26
7379,18365.0,61.25,219,-8.98
7384,18463.75,60.0,224,-8.79
7389,18187.5,61.25,223,-8.42
7395,18062.5,61.25,212,-8.32
7400,17803.75,58.75,215,-8.13
7406,17827.5,57.5,208,-7.94
7411,17791.25,55.0,204,-7.65
7417,17463.75,51.25,199,-7.46
7422,17452.5,51.25,190,-7.27
7427,17418.75,50.0,189,-7.07
7433,17383.75,43.75,183,-7.17
7438,17386.25,42.5,176,-7.36
7443,17383.75,43.75,177,-7.46
7449,17381.25,36.25,171,-7.65
7454,17383.75,33.75,168,-7.65
7460,17386.25,31.25,160,-7.75
7465,17383.75,27.5,154,-7.94
7471,17370.0,28.75,155,-7.56
7476,17370.0,22.5,146,-7.17
7482,17353.75,23.75,147,-6.78
7487,17361.25,23.75,149,-6.48
7493,17342.5,18.75,153,-6.18
7498,17351.25,20.0,149,-5.88
7503,17341.25,16.25,149,-5.68
7509,17350.0,18.75,143,-5.27
7514,17341.25,18.75,146,-5.06
7520,17331.25,13.75,152,-4.65
7525,17346.25,17.5,147,-4.12
7530,17338.75,16.25,145,-3.8
7536,17337.5,15.0,149,-3.37
7541,17350.0,20.0,150,-2.94
7547,17342.5,17.5,146,-2.5
7552,17342.5,16.25,154,-2.16
7557,17331.25,13.75,151,-1.82
7563,17336.25,13.75,149,-1.37
7568,17337.5,15.0,155,-0.91
7574,17330.0,15.0,151,-0.79
7579,17333.75,12.5,160,-0.67
7585,17340.0,16.25,151,-0.44
7590,17327.5,12.5,159,-0.08
7595,17338.75,16.25,157,0.28
7601,17326.25,11.25,151,0.64
7606,17333.75,15.0,145,0.64
7612,17351.25,18.75,156,0.77
7617,17330.0,10.0,155,0.52
7623,17333.75,13.75,158,0.77
7628,17312.5,12.5,143,1.01
7633,17327.5,12.5,156,1.39
7639,17331.25,13.75,159,1.64
7644,17311.25,7.5,162,1.89
7650,17343.75,17.5,157,1.51
7655,17338.75,15.0,158,1.64
7660,17322.5,13.75,153,1.89
7666,17310.0,8.75,163,2.14
7671,17323.75,11.25,145,2.53
7677,17318.75,10.0,147,2.92
7682,17315.0,12.5,160,3.19
7687,17316.25,8.75,148,3.45
7693,17326.25,12.5,158,3.59
7698,17328.75,12.5,155,3.59
7704,17318.75,11.25,148,3.59
7709,17315.0,10.0,154,3.59
7715,17323.75,12.5,145,3.72
7720,17317.5,11.25,151,4.13
7725,17316.25,10.0,151,4.4
7731,17317.5,8.75,151,4.68
7736,17306.25,7.5,148,5.1
7743,17305.0,5.0,150,5.53
7748,17316.25,8.75,144,5.82
7753,17306.25,11.25,147,6.11
7759,17323.75,10.0,154,6.4
7764,17292.5,2.5,149,6.55
7770,17323.75,10.0,145,6.85
7775,17308.75,7.5,147,7.0
7781,17335.0,16.25,137,6.4
7786,17310.0,11.25,145,5.96
7791,17320.0,11.25,149,6.11
7797,17315.0,11.25,148,6.4
7802,17321.25,13.75,148,6.7
7808,17301.25,6.25,147,7.0
7813,17303.75,7.5,137,7.45
7818,17297.5,6.25,150,7.76
7824,11540.0,-1.25,146,8.07
7829,11485.0,1.25,51,8.7
7835,11448.75,0.0,51,8.86
7840,11413.75,0.0,52,8.7
7845,11388.75,0.0,52,8.54
7851,11371.25,1.25,52,8.54
7856,11356.25,-1.25,52,8.54
7862,11342.5,0.0,52,8.54
7867,11331.25,0.0,52,8.54
7872,11325.0,-1.25,52,8.54
7878,11313.75,-2.5,52,8.38
7883,11307.5,1.25,52,8.38
7889,11298.75,0.0,52,8.38
7894,11292.5,0.0,52,8.38
7899,11287.5,0.0,52,8.38
7905,11277.5,1.25,52,8.38
7910,11268.75,0.0,52,8.38
7916,11266.25,-1.25,52,8.23
7921,11260.0,0.0,52,8.38
7927,11256.25,-1.25,52,8.38
7932,11251.25,-1.25,52,8.23
7937,11250.0,0.0,52,8.23
7943,11247.5,0.0,52,8.38
7948,11248.75,-1.25,52,8.23
7954,11248.75,-1.25,52,8.23
7959,11248.75,0.0,52,8.23
7964,11250.0,0.0,52,8.07
7970,11251.25,-1.25,52,8.23
7975,11248.75,0.0,52,8.23
7981,11251.25,1.25,52,8.07
7986,11256.25,0.0,52,8.23
7991,11260.0,0.0,52,8.23
7997,11265.0,-2.5,52,8.07
8002,11265.0,-1.25,52,8.23
8008,11268.75,-1.25,52,8.23
8013,11273.75,1.25,52,8.23
8019,11277.5,1.25,52,8.23
8024,11280.0,-1.25,52,8.23
8030,11282.5,0.0,52,8.23
8035,11286.25,2.5,52,8.23
8040,11291.25,1.25,52,8.23
8046,11292.5,0.0,52,8.23
8052,11296.25,-1.25,52,8.23
8057,11300.0,0.0,52,8.23
8063,11307.5,0.0,52,8.23
8069,11313.75,0.0,52,8.23
8074,11322.5,0.0,52,8.23
8079,11332.5,1.25,52,8.07
8085,11341.25,0.0,52,8.07
8090,11351.25,0.0,52,8.07
8096,11363.75,0.0,52,8.07
8102,11375.0,0.0,52,8.07
8107,11387.5,0.0,53,8.07
8113,11401.25,0.0,53,8.07
8118,11413.75,-1.25,53,8.07
8123,11426.25,-1.25,53,8.23
8129,11438.75,0.0,53,8.23
8135,11448.75,1.25,53,8.23
8140,11458.75,0.0,53,8.23
8146,11471.25,0.0,53,8.23
8151,11482.5,-1.25,53,8.23
8157,11497.5,0.0,53,8.23
8162,11513.75,-1.25,53,8.23
8169,11531.25,0.0,54,8.23
8174,11550.0,0.0,54,8.23
8179,11568.75,0.0,54,8.23
8185,11592.5,0.0,54,8.23
8191,11618.75,0.0,54,8.23
8196,11652.5,0.0,54,8.23
8202,11683.75,0.0,54,8.23
8207,11707.5,1.25,55,8.23
8213,11747.5,1.25,55,8.23
8218,11790.0,0.0,55,8.23
8224,11817.5,0.0,55,8.38
8229,11845.0,-1.25,55,8.38
8234,11885.0,0.0,56,8.38
8240,11913.75,0.0,56,8.23
8245,11942.5,0.0,56,8.23
8251,11963.75,0.0,56,8.23
8256,11978.75,0.0,56,8.38
8262,11990.0,-1.25,57,8.38
8267,12022.5,1.25,57,8.38
8272,12081.25,0.0,57,8.54
8278,12117.5,0.0,58,8.54
8283,12132.5,-2.5,58,8.54
8289,12232.5,1.25,58,8.54
8294,12283.75,0.0,58,8.54
8300,12347.5,-1.25,59,8.54
8305,12450.0,0.0,59,8.7
8310,12495.0,-1.25,60,8.7
8316,12515.0,-1.25,60,8.54
8321,12522.5,-1.25,60,8.7
8327,12533.75,0.0,60,8.7
8332,12536.25,0.0,61,8.86
8337,12547.5,0.0,61,8.86
8343,12563.75,0.0,61,8.86
8348,12585.0,-1.25,61,9.02
8354,12571.25,0.0,61,9.02
8359,12568.75,0.0,61,9.19
8365,12581.25,0.0,61,9.19
8370,12591.25,1.25,62,9.19
8375,12587.5,1.25,62,9.35
8381,12571.25,1.25,62,9.51
8386,12546.25,0.0,62,9.51
8392,12528.75,0.0,62,9.35
8397,12523.75,0.0,62,9.51
8403,12521.25,0.0,62,9.51
8408,12515.0,0.0,62,9.51
8413,12497.5,0.0,62,9.51
8419,12487.5,0.0,62,9.51
8424,12471.25,0.0,62,9.68
8430,12451.25,-1.25,61,9.68
8435,12432.5,0.0,61,9.68
8440,12408.75,1.25,61,9.68
8446,12383.75,1.25,61,9.68
8451,12358.75,0.0,61,9.84
8457,12346.25,1.25,61,9.51
8462,12327.5,1.25,61,9.51
8468,12305.0,2.5,61,9.35
8473,12293.75,1.25,61,9.51
8478,12286.25,0.0,61,9.51
8484,12270.0,1.25,61,9.51
8489,12247.5,-1.25,61,9.51
8495,12221.25,0.0,60,9.51
8500,12202.5,0.0,60,9.51
8506,12190.0,0.0,60,9.51
8511,12183.75,0.0,60,9.51
8516,12170.0,0.0,60,9.51
8522,12156.25,1.25,60,9.51
8527,12147.5,0.0,60,9.51
8533,12136.25,0.0,60,9.51
8538,12125.0,0.0,60,9.68
8544,12112.5,-1.25,60,9.51
8549,12098.75,1.25,60,9.51
8554,12091.25,-1.25,60,9.51
8560,12082.5,0.0,60,9.35
8565,12075.0,1.25,60,9.35
8571,12068.75,0.0,60,9.35
8576,12060.0,0.0,60,9.35
8582,12056.25,1.25,60,9.35
8587,12050.0,1.25,60,9.35
8593,12042.5,0.0,60,9.35
8598,12038.75,0.0,60,9.35
8603,12031.25,2.5,60,9.35
8609,12026.25,0.0,60,9.35
8614,12018.75,-2.5,60,9.35
8620,12008.75,-1.25,60,9.35
8625,12002.5,0.0,60,9.51
8631,11993.75,-2.5,60,9.35
8636,11983.75,-1.25,61,9.35
8642,11971.25,0.0,61,9.35
8647,11961.25,1.25,61,9.35
8653,11950.0,1.25,61,9.35
8659,11935.0,-1.25,61,9.51
8664,11920.0,1.25,61,9.35
8670,11907.5,1.25,61,9.51
8675,11892.5,0.0,61,9.51
8680,11877.5,0.0,61,9.51
8686,11862.5,-1.25,61,9.51
8691,11848.75,1.25,61,9.51
8697,11833.75,1.25,60,9.51
8702,11818.75,1.25,60,9.51
8708,11803.75,-1.25,60,9.51
8713,11786.25,0.0,60,9.51
8719,11772.5,1.25,60,9.51
8724,11756.25,0.0,60,9.51
8730,11740.0,1.25,60,9.51
8735,11723.75,1.25,60,9.51
8740,11707.5,0.0,60,9.51
8746,11692.5,1.25,60,9.51
8751,11675.0,1.25,59,9.51
8757,11658.75,0.0,59,9.51
8762,11645.0,0.0,59,9.51
8768,11632.5,0.0,59,9.51
8773,11621.25,1.25,59,9.51
8779,11611.25,-1.25,59,9.51
8784,11605.0,2.5,59,9.51
8790,11596.25,0.0,59,9.51
8795,11591.25,0.0,59,9.51
8801,11586.25,-1.25,59,9.51
8806,11581.25,1.25,59,9.51
8811,11577.5,0.0,59,9.51
8817,11576.25,0.0,59,9.51
8822,11572.5,0.0,59,9.51
8828,11572.5,-1.25,59,9.51
8833,11571.25,0.0,59,9.51
8839,11571.25,1.25,59,9.51
8844,11571.25,0.0,59,9.51
8850,11570.0,-1.25,59,9.51
8855,11568.75,1.25,59,9.51
8861,11570.0,0.0,59,9.51
8866,11570.0,0.0,59,9.51
8872,11570.0,0.0,60,9.68
8877,11570.0,-1.25,60,9.68
8883,11568.75,1.25,60,9.68
8888,11568.75,0.0,60,9.68
8894,11566.25,-1.25,60,9.68
8899,11563.75,1.25,60,9.68
8904,11561.25,0.0,60,9.68
8910,11558.75,-1.25,60,9.68
8915,11555.0,0.0,60,9.51
8921,11552.5,0.0,60,9.51
8926,11547.5,0.0,60,9.51
8932,11545.0,0.0,59,9.51
8937,11540.0,0.0,59,9.35
8943,11538.75,2.5,59,9.35
8948,11535.0,0.0,59,9.19
8954,11527.5,1.25,59,9.19
8959,11526.25,-1.25,59,9.19
8965,11521.25,0.0,59,9.19
8970,11517.5,0.0,59,9.19
8975,11513.75,-1.25,59,9.19
8981,11510.0,0.0,59,9.19
8987,11508.75,0.0,59,9.19
8992,11506.25,1.25,59,9.19
8997,11505.0,0.0,59,9.19
9003,11505.0,0.0,59,9.35
9008,11505.0,0.0,59,9.35
9014,11503.75,0.0,59,9.35
9020,11503.75,0.0,59,9.35
9026,11505.0,0.0,58,9.35
9031,11505.0,1.25,58,9.35
9037,11503.75,0.0,58,9.51
9042,11505.0,0.0,58,9.51
9048,11505.0,-1.25,58,9.51
9053,11505.0,-1.25,58,9.51
9059,11505.0,-1.25,58,9.51
9064,11510.0,1.25,58,9.35
9070,11508.75,0.0,58,9.35
9075,11511.25,0.0,58,9.19
9080,11512.5,0.0,58,9.02
9086,11511.25,0.0,58,9.02
9091,11510.0,0.0,58,9.02
9097,11508.75,-1.25,58,9.19
9102,11506.25,0.0,58,9.02
9108,11506.25,-1.25,58,9.02
9113,11502.5,1.25,58,9.02
9119,11498.75,-1.25,58,9.19
9124,11496.25,0.0,58,9.19
9130,11495.0,0.0,58,9.19
9135,11492.5,0.0,58,9.02
9140,11490.0,1.25,58,9.02
9146,11483.75,0.0,58,9.02
9151,11476.25,0.0,58,9.02
9157,11470.0,1.25,58,9.02
9162,11468.75,-1.25,58,9.02
9168,11462.5,0.0,58,9.02
9173,11455.0,0.0,58,9.02
9179,11448.75,-1.25,58,8.86
9184,11442.5,0.0,58,8.86
9190,11435.0,1.25,58,8.86
9195,11427.5,0.0,58,9.02
9200,11422.5,0.0,58,9.02
9206,11416.25,0.0,58,9.02
9211,11407.5,1.25,58,9.02
9217,11402.5,-1.25,58,9.02
9222,11395.0,-1.25,58,8.86
9228,11385.0,-1.25,58,8.86
9233,11376.25,0.0,58,8.86
9239,11366.25,0.0,57,8.86
9244,11355.0,1.25,57,8.86
9250,11343.75,0.0,57,9.02
9255,11331.25,-1.25,57,9.02
9261,11320.0,0.0,57,9.02
9266,11311.25,0.0,57,8.86
9271,11298.75,1.25,57,8.86
9277,11285.0,-1.25,57,8.86
9282,11271.25,0.0,57,8.86
9288,11258.75,-1.25,57,8.86
9293,11245.0,0.0,56,8.86
9299,11230.0,0.0,56,8.86
9304,11215.0,0.0,56,8.86
9310,11202.5,1.25,56,8.7
9315,11186.25,1.25,56,8.7
9321,11171.25,1.25,56,8.7
9326,11155.0,0.0,56,8.54
9331,11140.0,0.0,55,8.54
9337,11125.0,0.0,55,8.54
9342,11111.25,-1.25,55,8.54
9348,11095.0,0.0,55,8.54
9353,11080.0,-1.25,55,8.54
9359,11061.25,0.0,54,8.7
9364,11046.25,0.0,54,8.7
9370,11028.75,0.0,54,8.7
9375,11011.25,1.25,54,8.86
9381,10995.0,1.25,54,8.86
9386,10977.5,-1.25,53,8.86
9392,10962.5,-1.25,53,8.7
9397,10945.0,0.0,53,8.7
9402,10927.5,1.25,53,8.7
9408,10912.5,-1.25,53,8.7
9414,10895.0,1.25,52,8.7
9419,10877.5,1.25,52,8.54
9424,10862.5,0.0,52,8.54
9430,10843.75,1.25,52,8.54
9435,10825.0,0.0,52,8.54
9441,10808.75,0.0,51,8.54
9446,10793.75,-1.25,51,8.54
9453,10773.75,-1.25,51,8.54
9458,10758.75,0.0,51,8.54
9464,10742.5,0.0,50,8.54
9469,10727.5,0.0,50,8.54
9475,10710.0,-1.25,50,8.54
9480,10692.5,-1.25,50,8.7
9485,10677.5,0.0,50,8.7
9491,10663.75,1.25,49,8.7
9496,10648.75,0.0,49,8.7
9502,10632.5,-2.5,49,8.7
9507,10616.25,1.25,49,8.7
9513,10602.5,0.0,49,8.86
9518,10588.75,0.0,48,8.86
9524,10575.0,-1.25,48,8.86
9529,10561.25,-1.25,48,8.86
9535,10548.75,-1.25,48,8.86
9540,10535.0,-1.25,48,8.86
9546,10517.5,0.0,48,8.86
9551,10510.0,0.0,48,8.86
9557,10497.5,-1.25,47,8.86
9562,10486.25,1.25,47,8.86
9567,10472.5,0.0,47,8.86
9573,10460.0,0.0,47,8.86
9578,10448.75,0.0,47,8.86
9584,10436.25,1.25,47,8.7
9589,10423.75,0.0,47,8.7
9595,10411.25,0.0,47,8.7
9600,10396.25,0.0,46,8.54
9606,10383.75,1.25,46,8.54
9611,10368.75,1.25,46,8.54
9617,10356.25,0.0,46,8.7
9622,10341.25,1.25,46,8.7
9628,10330.0,0.0,46,8.54
9633,10317.5,0.0,46,8.54
9639,10303.75,0.0,46,8.54
9644,10290.0,0.0,46,8.54
9649,10276.25,0.0,46,8.54
9655,10261.25,0.0,45,8.38
9660,10247.5,-1.25,45,8.38
9666,10232.5,-1.25,45,8.38
9671,10220.0,0.0,45,8.38
9677,10206.25,0.0,45,8.38
9682,10193.75,-1.25,45,8.38
9688,10180.0,1.25,45,8.38
9693,10166.25,0.0,45,8.38
9699,10152.5,-1.25,45,8.38
9704,10142.5,-1.25,45,8.23
9710,10127.5,0.0,45,8.23
9715,10113.75,2.5,44,8.38
9721,10101.25,0.0,44,8.38
9726,10088.75,0.0,44,8.38
9732,10078.75,-1.25,44,8.38
9737,10066.25,0.0,44,8.38
9742,10052.5,0.0,44,8.38
9748,10042.5,-1.25,44,8.38
9753,10031.25,0.0,44,8.38
9759,10021.25,0.0,44,8.38
9764,10011.25,0.0,44,8.54
9770,10001.25,-1.25,44,8.54
9775,9990.0,1.25,44,8.38
9781,9982.5,0.0,44,8.54
9786,9973.75,0.0,44,8.38
9792,9966.25,0.0,44,8.38
9797,9958.75,-1.25,44,8.38
9803,9950.0,0.0,44,8.23
9808,9941.25,0.0,44,8.38
9814,9933.75,0.0,43,8.38
9819,9925.0,0.0,43,8.23
9825,9916.25,0.0,43,8.38
9830,9907.5,0.0,43,8.38
9836,9898.75,0.0,43,8.38
9841,9892.5,1.25,43,8.38
9847,9882.5,0.0,43,8.38
9852,9875.0,0.0,43,8.54
9859,9867.5,0.0,43,8.54
9864,9860.0,0.0,43,8.54
9870,9851.25,-1.25,43,8.38
9875,9845.0,0.0,43,8.38
9880,9837.5,1.25,43,8.38
9886,9831.25,1.25,43,8.23
9891,9823.75,0.0,43,8.23
9897,9816.25,1.25,43,8.07
9902,9810.0,1.25,43,8.07
9908,9801.25,0.0,43,8.07
9913,9793.75,0.0,43,8.07
9919,9787.5,1.25,43,8.07
9924,9778.75,0.0,43,8.07
9930,9770.0,1.25,43,8.23
9935,9761.25,0.0,43,8.23
9941,9751.25,0.0,43,8.23
9946,9743.75,0.0,43,8.23
9952,9732.5,1.25,43,8.23
9957,9722.5,0.0,43,8.23
9963,9711.25,1.25,43,8.23
9968,9700.0,0.0,43,8.23
9974,9688.75,-1.25,42,8.07
9979,9673.75,0.0,42,8.23
9985,9660.0,0.0,42,8.23
9990,9645.0,0.0,42,8.23
9996,9630.0,-1.25,42,8.23
